B	Arc	Stow - GNU Project - Free Software Foundation
B	Arc	Stow hat die Art und Weise, wie ich meine Dotfiles verwalte, für immer verändert.
C	Code	Dataset.py — daq
C	Code	fluxes.py — nuRadio
3	Code	full_surface_chain_attenuatorbefore_Ch1.csv — scope
2	Keynote	rno-g-collab-bru-2026-nuradio
M	Mail	Searching – Inbox – Hotmail, 13 results (Connection Logging Enabled)
M	Notes	Shared – 2 notes
T	Passwords	Passwords
M	Slack	! Yannik Schaper (DM) - rno-g - Slack
4	System Settings	Keyboard
4	iTerm2	felix@Mac:~/.dotfiles
T	iTerm2	felix@MacBook-Pro-8:~
3	iTerm2	felix@MacBook-Pro-8:~/software/nuRadio
4	iTerm2	vim .config/aerospace/aerospace.toml
